slug	tag	verified	source_url	quote	note
kopi	diy-collective	yes	https://koepi137.net/history.html	Die KØPI - Selbstverwaltetes Wohn- und Kulturprojekt	
drugstore	diy-collective	yes	https://drugstore-berlin.de/	Drugstore – Berlins ältestes selbstverwaltetes Jugendzentrum	
loge	diy-collective	yes	https://www.loge-berlin.org/selbstverst%C3%A4ndnis	Das Loge. Kneipenkollektiv ist mehr als nur eine Bar – es ist eine Stätte von kulturellem Wert, ein Ort der Begegnung, der Solidarität und des Miteinanders.	
renate	awareness-team	yes	https://www.renate.cc/	In case you feel that you have been treated wrongly, or that your space has been violated, please notify our awareness team or our staff.	
tresor	awareness-team	yes	https://tresorberlin.com/club/guest-info/	If you witness or experience harm, our on-site Awareness Team is here and reachable through any staff member, offering support, harm reduction, and a comfortable retreat space.	
rosa	awareness-team	yes	https://www.rosaclub.de/community	Our dedicated safeguarding team wanders the floor all night to keep the temperature right, look out for anyone needing a breather, and protect our sacred rule: consent is non negotiable and endlessly sexy.	borderline: the page calls it a safeguarding team, not an awareness team; the page sits behind an 18+ age gate
migas	all-gender-toilets	yes	https://migas.berlin/accessibility/	The two bathrooms inside the bar are not gendered.	
der-weisse-hase	cash-only	yes	https://derweissehase.club/club	- only Cash	One line in the 'CLUB RULES' list.
sisyphos	dress-code	yes	https://www.sisyphos-berlin.net/	Bitte achtet bei eurer Kleidung darauf, dass sie nicht an militärische Outfits erinnert, also kein Camouflage und möglichst generell keine Tarnmuster.	Under 'Dresscode & Vibe'; also no football or national shirts. A clothing restriction, not a smart or fetish code.
rosa	fetish-dress-code		https://www.rosaclub.de/community	We love leather, harness, dripping latex, provocative mesh, lace, or bare skin that loves the bassline.	Same section: 'Standard streetwear, polo shirts, plain trainers with blue jeans, and corporate outfits will get turned away with zero apologies.' Also says 'PLEASE CHECK THE INDIVIDUAL EVENTS DRESS CODE' and /help says the dress code depends on the night. Age-gated JS page.
migas	no-photo-policy	yes	https://migas.berlin/awareness/	migas is a no-photo zone.	Listening bar. Phrased as a request: 'We ask our guests not to take pictures.'
renate	no-photo-policy	yes	https://www.renate.cc/	Renate has a strict “no photography” policy.	In the FAQ block on the home page, '7. Security Policies'.
rosa	no-photo-policy	yes	https://www.rosaclub.de/community	NO PHOTOS, NO VIDEOS	Shown in capitals on the page. One line in the 'ROSA RULES' list. Age-gated JS page.
tresor	no-photo-policy	yes	https://tresorberlin.com/club/guest-info/	Strictly no filming or photos inside the club.	
berghain-panorama-bar	quiet-room	yes	https://www.berghain.berlin/de/awareness/	sie werden dir helfen, Unterstützung rufen und dich gegebenenfalls in unserem Ruheraum im Erdgeschoss betreuen, oder medizinische Hilfe rufen.	A rest room for guests who feel unwell, run by staff.
tresor	quiet-room	yes	https://tresorberlin.com/club/guest-info/	our on-site Awareness Team is here and reachable through any staff member, offering support, harm reduction, and a comfortable retreat space.	Wording is 'retreat space', offered through the awareness team. It is not named as a room.
badehaus	safer-space-policy	yes	https://badehaus-berlin.com/awareness/	Badehaus sieht sich den Werten der Nichtdiskriminierung, des Consents, des Respekts und der Toleranz verpflichtet.	Page includes a 'Verhaltenskodex'.
berghain-panorama-bar	safer-space-policy	yes	https://www.berghain.berlin/de/awareness/	Nehmt Rücksicht aufeinander und respektiert den persönlichen Raum Anderer	Awareness page 'Für ein sicheres Miteinander'; says assaults lead to a permanent ban. Mostly harm-reduction guidance.
cassiopeia	safer-space-policy	yes	https://cassiopeia-berlin.de/code-of-conduct	Dieser Code gilt für alle: Gäste, Crew, Künstler*innen, Awareness-Team, Barpersonal und Security.	Dedicated Code of Conduct page.
comedy-cafe-berlin	safer-space-policy	yes	https://www.comedycafeberlin.com/coc-theatre-policies/	Our Community Code of Conduct is centered around five principles, outlined here and further elaborated	Full page 'Code of Conduct & Theatre Policies', with a statement on discrimination and a reporting form.
crack-bellmer	safer-space-policy	yes	https://www.crackbellmer.de/about	Crack Bellmer is committed to being a safer space for everyone.	Section 'AWARENESS & VALUES' on the about page.
drugstore	safer-space-policy	yes	https://drugstore-berlin.de/ueber-uns/	Wir dulden kein sexistisches, rassistisches, antisemitisches, xenophobes, homo- oder transfeindliches Verhalten	Listed as house principles ('klare Grundsätze ... die wir in unserem Laden durchsetzen') on the about page.
fitzroy	safer-space-policy		https://fitzroy-berlin.de/about/	Awareness Policies Safety and Sexual Violence Policy Internal Harassment Policy	Quote is link text. The policy is the same Google Drive PDF as LARK's (BOGEN47).
kater	safer-space-policy	yes	https://www.katerclub.de/	Racism, sexism, homophobia, antisemitism, Islamophobia, and any other form of discrimination or violence have no place here.	Awareness section on the home page.
klunkerkranich	safer-space-policy	yes	https://klunkerkranich.org/awareness/	Auf dem Klunkerkranich gibt es keinen Platz für Diskriminierung in jeglicher Form!	Awareness page has 'SAFER SPACE' and 'KEINE DISKRIMINIERUNG' sections.
lark	safer-space-policy		https://larkberlin.com/about/	Awareness Policies Safety and Sexual Violence Policy Internal Harassment Policy	Quote is link text. The policy itself is a Google Drive PDF linked from the venue's page (drive.google.com/file/d/1S51U2lHHzHx7o7gWFLgtfIOfyG2MRwLq). Same operator (BOGEN47) as Fitzroy.
loge	safer-space-policy	yes	https://www.loge-berlin.org/awareness	In der Loge ist jede Person willkommen, solange sie sich an unsere hier definierten Werte und unseren Code of Conduct hält.	
migas	safer-space-policy	yes	https://migas.berlin/awareness/	Discrimination of any kind has no place here — including racism, ableism, trans and queerphobia, sexism, classism, fascism or xenophobia.	
renate	safer-space-policy	yes	https://www.renate.cc/	Renate should be a safe space for any ethnicity, gender or sexual orientation.	FAQ '12. Code of Conduct and House Rules' on the home page.
ritter-butzke	safer-space-policy	yes	https://club.ritterbutzke.com/awareness	Die Ritter Butzke setzt sich dafür ein, ein Umfeld zu schaffen, das auf gegenseitigem Respekt beruht.	Headed 'UNSER CODE OF CONDUCT'.
rosa	safer-space-policy	yes	https://www.rosaclub.de/community	Rules are not here to cage you. They are the playground walls that keep the mischief safe.	'ROSA RULES' list: consent comes first, no means no, leave prejudice at the door. Age-gated JS page.
tresor	safer-space-policy	yes	https://tresorberlin.com/club/guest-info/	Our commitment to a safer space means that discrimination, harassment, and violence in any form have no place here	Section is headed 'Awareness Team'.
rosa	sex-positive	yes	https://www.rosaclub.de/about	We are a sex positive club and cultural space built for real human touch, uninhibited self expression, and late night chemistry.	Site is behind an 18+ age gate (JS); page title also reads 'ROSA Berlin — sex positive club & cultural venue'.
admiralspalast	smoke-free	yes	https://www.admiralspalast.theater/faq.html	Das Rauchen ist im gesamten Admiralspalast grundsätzlich verboten.	Smoking is allowed in the courtyard.
badehaus	smoke-free	yes	https://badehaus-berlin.com/faq/	Das Rauchen ist im Club absolut verboten.	Smoking on the terrace.
cassiopeia	smoke-free	yes	https://cassiopeia-berlin.de/faq	Im Club herrscht absolutes Rauchverbot.	Smoking in the garden or the smokers' yard.
columbia-theater	smoke-free	yes	https://columbia-theater.de/faq/	Innerhalb des Columbia Theaters gilt ein striktes Rauchverbot!	Also covers e-cigarettes; smoking in the garden.
fitzroy	smoke-free	yes	https://fitzroy-berlin.de/about/	Situated along the Spree river in Berlin-Mitte, our wheelchair accessible smoke-free club is driven by a desire to uplift diverse niches in the city’s music scene.	
kulturhaus-peter-edel	smoke-free		https://www.peteredel.de/terms-of-service/	In allen Versammlungsräumen von KBW e.V. besteht grundsätzlich Rauchverbot.	Comes from the rental terms (Nichtraucherschutzgesetz section), not from visitor info. Borderline.
lark	smoke-free	yes	https://larkberlin.com/about/	Situated along the Spree river in Berlin-Mitte, our wheelchair accessible smoke-free club is driven by grassroots ethos and a desire to uplift the city’s music scene.	
renate	smoke-free	yes	https://www.renate.cc/	The non-smoking regulations apply in the club. Smoking is only permitted in the garden.	FAQ block on the home page.
admiralspalast	wheelchair-accessible	yes	https://www.admiralspalast.theater/service-informationen.html	Von Bahnhof Friedrichstraße aus haben Sie die Möglichkeit des barrierefreien Zutritts ins Theater.	6 wheelchair places in the stalls; the circle and balcony are reached by a lift; accessible toilets on the ground floor.
astra-kulturhaus	wheelchair-accessible	yes	https://www.astra-berlin.de/pages/das-astra	Das Astra ist komplett barrierefrei und mit einem Rollstuhl-Podest, einer Behindertentoilette, sowie einem Behindertenparkplatz ausgestattet.	The heading on the page is misspelt 'BARRIEFREIHEIT'.
badehaus	wheelchair-accessible	yes	https://badehaus-berlin.com/faq/	Unsere Floors befinden sich alle im Erdgeschoss. Wir haben Rampen für den Zugang zum Club und eine barrierefreie Toilette.	
bar-jeder-vernunft	wheelchair-accessible	yes	https://www.bar-jeder-vernunft.de/de/faq.html	Das Foyer und das Zelt sind barrierefrei.	Wheelchair places only in price group II.
berghain-panorama-bar	wheelchair-accessible	yes	https://berghain.berlin/de/barrierefreiheit/	Unser Club ist ebenerdig zugänglich.	Same page: 'Alle Floors sind mit einem Fahrstuhl verbunden, der in Begleitung durch unser Personal benutzt werden kann.' Toilets are 'barrierearm'.
bi-nuu	wheelchair-accessible	yes	https://binuu.de/de/faq	Alle Zugänge sind barrierefrei	FAQ also lists 'Rollstuhlgerechtes WC'.
columbia-theater	wheelchair-accessible	yes	https://columbia-theater.de/faq/	Das Columbia Theater ist barrierefrei.	Entry via the courtyard or garden.
columbiahalle	wheelchair-accessible	yes	https://www.columbiahalle.berlin/fragen-antworten.html	Ist die Columbiahalle barrierefrei? Ja, ist sie.	Entry via the courtyard; separate wheelchair platform.
comedy-cafe-berlin	wheelchair-accessible	yes	https://www.comedycafeberlin.com/	We are wheelchair accessible!	Site footer, on every page.
festsaal-kreuzberg	wheelchair-accessible	yes	https://festsaal-kreuzberg.de/de/info/faq/	alle Zugänge sind Barrierefrei	Same FAQ mentions a platform for wheelchair users.
fitzroy	wheelchair-accessible	yes	https://fitzroy-berlin.de/about/	Situated along the Spree river in Berlin-Mitte, our wheelchair accessible smoke-free club is driven by a desire to uplift diverse niches in the city’s music scene.	
gretchen	wheelchair-accessible	yes	https://www.gretchen-club.de/	Das Gretchen ist barrierefrei für Rollstuhlfahrer*innen.	Steps to both floors were replaced by ramps in 2021; mobile ramp at the entrance.
hole-44	wheelchair-accessible	yes	https://hole-berlin.de/info/	Der Zugang zum Konzertsaal und zu den sanitären Anlagen ist über den Haupteingang barrierefrei erreichbar.	
huxleys-neue-welt	wheelchair-accessible	yes	https://huxleysneuewelt.de/information	Wir gewährleisten einen umfassend barrierefreien Aufenthalt, um dir ein angenehmes Konzerterlebnis zu ermöglichen.	/accessibility says the hall is reached by a lift from the main entrance.
lark	wheelchair-accessible	yes	https://larkberlin.com/about/	Situated along the Spree river in Berlin-Mitte, our wheelchair accessible smoke-free club is driven by grassroots ethos and a desire to uplift the city’s music scene.	
max-schmeling-halle	wheelchair-accessible	yes	https://www.max-schmeling-halle.de/besuch/barrierefreiheit	Die Max-Schmeling-Halle ist barrierefrei gestaltet und erfüllt moderne Standards, um allen Besucher:innen ein angenehmes und zugängliches Veranstaltungserlebnis zu ermöglichen.	Hall's own site; velomax.de only links to it.
migas	wheelchair-accessible	yes	https://migas.berlin/accessibility/	The bar itself is free of steps.	Home page: 'Wheelchair accessible.' The accessible bathroom is in the basement, reached by a lift.
privatclub	wheelchair-accessible		https://privatclub-berlin.de/kontakt/	Der Zugang für Menschen mit Behinderung, befindet sich am mittleren Eingang des Gebäudes, gleich rechts vom Privatclub über eine Rampe.	Headed 'Barrierefreier Zugang'. Staff open this entrance on request. Describes only the entrance, not toilets or the inside. Borderline, reviewer should decide.
so36	wheelchair-accessible	yes	https://www.so36.com/barrierefreiheit	Das SO36 ist rollstuhlgerecht zugänglich.	Via the side door, which staff unlock; the main entrance has three steps. Highest threshold about 3 cm, small ramps inside.
tempodrom	wheelchair-accessible	yes	https://www.tempodrom.de/besucherinfos/barrierefreiheit/	das Tempodrom ist stufenlos zugänglich	Same list: all rooms guests use are step-free or reached by a lift.
uber-arena	wheelchair-accessible	yes	https://www.uber-arena.de/ihr-besuch/frequently-asked-questions	Als eine der modernsten Arenen ist die Uber Arena barrierefrei und damit behindertengerecht gebaut.	JS-rendered page.
uber-eats-music-hall	wheelchair-accessible	yes	https://www.uber-eats-music-hall.de/ihr-besuch/barrierefreiheit	Die Uber Eats Music Hall ist barrierefrei und damit behindertengerecht gebaut.	JS-rendered page.
ufo-im-velodrom	wheelchair-accessible	yes	https://www.ufo-velodrom.de/besuch/barrierefreiheit	Das UFO im Velodrom ist barrierefrei gestaltet und erfüllt moderne Standards, um allen Gästen ein angenehmes Veranstaltungserlebnis zu ermöglichen.	
velodrom	wheelchair-accessible	yes	https://www.velodrom.de/besuch/barrierefreiheit	Das Velodrom ist barrierefrei gestaltet und erfüllt moderne Standards, um allen Gästen ein angenehmes Veranstaltungserlebnis zu ermöglichen.	
kitkatclub	queer	yes	https://kitkatclub.org/Home/Club/Index.html	A queer-centered space for people who come to dance and lose themselves in the night.	Programme page, one night's text; verified by the maintainer 2026-10-04
kitkatclub	sex-positive	yes	https://kitkatclub.org/Home/Club/Index.html	We create a space where fantasies can be lived out freely, consent-based, and without judgment, paired with a strong musical identity.	Programme page; verified by the maintainer 2026-10-04
kitkatclub	fetish-dress-code	yes	https://kitkatclub.org/Home/Club/Index.html	Dresscode: Be creative. Fetish, kinky, extravagant, or creatively expressive.	Programme page, repeated across nights; verified by the maintainer 2026-10-04
kitkatclub	no-photo-policy	yes	https://kitkatclub.org/Home/Club/Index.html	Strictly NO phones in the club allowed.	Programme page; verified by the maintainer 2026-10-04
